{
  "tickets/1933/list" : {
    "transaction" : "tickets/1933/list",
    "sampleCount" : 1084,
    "errorCount" : 0,
    "errorPct" : 0.0,
    "meanResTime" : 22141.510147601442,
    "medianResTime" : 24108.0,
    "minResTime" : 297.0,
    "maxResTime" : 35608.0,
    "pct1ResTime" : 32668.0,
    "pct2ResTime" : 34476.5,
    "pct3ResTime" : 35258.75,
    "throughput" : 2.454404455966761,
    "receivedKBytesPerSec" : 4.007069290509561,
    "sentKBytesPerSec" : 2.4999451636458323
  },
  "news/list?type=Article" : {
    "transaction" : "news/list?type=Article",
    "sampleCount" : 1541,
    "errorCount" : 0,
    "errorPct" : 0.0,
    "meanResTime" : 14446.17650876053,
    "medianResTime" : 9474.0,
    "minResTime" : 698.0,
    "maxResTime" : 39053.0,
    "pct1ResTime" : 35909.2,
    "pct2ResTime" : 37141.4,
    "pct3ResTime" : 38277.899999999994,
    "throughput" : 3.406526117068663,
    "receivedKBytesPerSec" : 32.04470224466528,
    "sentKBytesPerSec" : 4.174990504805832
  },
  "games?type=history" : {
    "transaction" : "games?type=history",
    "sampleCount" : 1324,
    "errorCount" : 0,
    "errorPct" : 0.0,
    "meanResTime" : 22184.636706948622,
    "medianResTime" : 24775.0,
    "minResTime" : 208.0,
    "maxResTime" : 40555.0,
    "pct1ResTime" : 32886.0,
    "pct2ResTime" : 34149.0,
    "pct3ResTime" : 39846.25,
    "throughput" : 2.9573176860552643,
    "receivedKBytesPerSec" : 32.66283238413636,
    "sentKBytesPerSec" : 3.0670618970612216
  },
  "tickets/stadium-ticket?id=2720&gameId=1931" : {
    "transaction" : "tickets/stadium-ticket?id=2720&gameId=1931",
    "sampleCount" : 1504,
    "errorCount" : 0,
    "errorPct" : 0.0,
    "meanResTime" : 10373.835106382985,
    "medianResTime" : 11729.5,
    "minResTime" : 68.0,
    "maxResTime" : 19663.0,
    "pct1ResTime" : 15488.5,
    "pct2ResTime" : 16975.5,
    "pct3ResTime" : 19110.6,
    "throughput" : 3.35190550479162,
    "receivedKBytesPerSec" : 5.3382775936037445,
    "sentKBytesPerSec" : 3.489386004011589
  },
  "Total" : {
    "transaction" : "Total",
    "sampleCount" : 14309,
    "errorCount" : 1064,
    "errorPct" : 7.4358797,
    "meanResTime" : 13386.484939548553,
    "medianResTime" : 11424.0,
    "minResTime" : 68.0,
    "maxResTime" : 44434.0,
    "pct1ResTime" : 29853.0,
    "pct2ResTime" : 33082.0,
    "pct3ResTime" : 37965.99999999999,
    "throughput" : 31.518593084368238,
    "receivedKBytesPerSec" : 202.3395054789685,
    "sentKBytesPerSec" : 33.840214011968435
  },
  "games?type=upcoming" : {
    "transaction" : "games?type=upcoming",
    "sampleCount" : 1486,
    "errorCount" : 0,
    "errorPct" : 0.0,
    "meanResTime" : 21743.911843876172,
    "medianResTime" : 24324.5,
    "minResTime" : 213.0,
    "maxResTime" : 44434.0,
    "pct1ResTime" : 34496.299999999996,
    "pct2ResTime" : 39351.84999999999,
    "pct3ResTime" : 43243.979999999996,
    "throughput" : 3.3132295069174256,
    "receivedKBytesPerSec" : 32.21581281145138,
    "sentKBytesPerSec" : 3.4394169588410386
  },
  "stream?type=video" : {
    "transaction" : "stream?type=video",
    "sampleCount" : 1064,
    "errorCount" : 1064,
    "errorPct" : 100.0,
    "meanResTime" : 419.12687969924906,
    "medianResTime" : 401.0,
    "minResTime" : 182.0,
    "maxResTime" : 1918.0,
    "pct1ResTime" : 552.0,
    "pct2ResTime" : 597.75,
    "pct3ResTime" : 859.1499999999955,
    "throughput" : 2.429306939735379,
    "receivedKBytesPerSec" : 3.316033761144788,
    "sentKBytesPerSec" : 2.4743819708437504
  },
  "stream?type=audio" : {
    "transaction" : "stream?type=audio",
    "sampleCount" : 1059,
    "errorCount" : 0,
    "errorPct" : 0.0,
    "meanResTime" : 10947.084985835687,
    "medianResTime" : 12155.0,
    "minResTime" : 181.0,
    "maxResTime" : 19700.0,
    "pct1ResTime" : 15506.0,
    "pct2ResTime" : 15817.0,
    "pct3ResTime" : 18703.800000000032,
    "throughput" : 2.4173942818010614,
    "receivedKBytesPerSec" : 3.8141879601095705,
    "sentKBytesPerSec" : 2.462248277264167
  },
  "games/1933" : {
    "transaction" : "games/1933",
    "sampleCount" : 1098,
    "errorCount" : 0,
    "errorPct" : 0.0,
    "meanResTime" : 6261.462659380692,
    "medianResTime" : 6985.0,
    "minResTime" : 101.0,
    "maxResTime" : 11500.0,
    "pct1ResTime" : 9060.0,
    "pct2ResTime" : 10034.249999999998,
    "pct3ResTime" : 11266.05,
    "throughput" : 2.4641431267687186,
    "receivedKBytesPerSec" : 34.829870785372684,
    "sentKBytesPerSec" : 2.4930198040355394
  },
  "games/1933/events" : {
    "transaction" : "games/1933/events",
    "sampleCount" : 1070,
    "errorCount" : 0,
    "errorPct" : 0.0,
    "meanResTime" : 10781.034579439249,
    "medianResTime" : 11478.5,
    "minResTime" : 86.0,
    "maxResTime" : 19751.0,
    "pct1ResTime" : 15246.1,
    "pct2ResTime" : 17969.6,
    "pct3ResTime" : 19386.58,
    "throughput" : 2.435305095932813,
    "receivedKBytesPerSec" : 18.387798154175297,
    "sentKBytesPerSec" : 2.5232995183444475
  },
  "/tickets/list" : {
    "transaction" : "/tickets/list",
    "sampleCount" : 1534,
    "errorCount" : 0,
    "errorPct" : 0.0,
    "meanResTime" : 12816.046284224278,
    "medianResTime" : 12519.5,
    "minResTime" : 84.0,
    "maxResTime" : 28190.0,
    "pct1ResTime" : 24533.0,
    "pct2ResTime" : 25888.0,
    "pct3ResTime" : 27404.15,
    "throughput" : 3.413105970932975,
    "receivedKBytesPerSec" : 8.21894402445021,
    "sentKBytesPerSec" : 3.5964270924186326
  },
  "news/list?type=Video" : {
    "transaction" : "news/list?type=Video",
    "sampleCount" : 1545,
    "errorCount" : 0,
    "errorPct" : 0.0,
    "meanResTime" : 11578.366343042084,
    "medianResTime" : 7033.0,
    "minResTime" : 432.0,
    "maxResTime" : 37650.0,
    "pct1ResTime" : 32110.4,
    "pct2ResTime" : 34589.4,
    "pct3ResTime" : 36499.28,
    "throughput" : 3.415270347937575,
    "receivedKBytesPerSec" : 30.306282449903843,
    "sentKBytesPerSec" : 4.179036861294708
  }
}